t_id,t_LeftTop,t_RightBottom,t_SeatNum,t_Seat1,t_Seat2,t_Seat3,t_Seat4,t_Seat5,t_Seat6,t_Seat7,t_Seat8,t_batteryLen
int32,Vector3,Vector3,int32,Vector3,Vector3,Vector3,Vector3,Vector3,Vector3,Vector3,Vector3,float
id,桌子左上点,桌子右下点,椅子个数,椅子1,椅子2,椅子3,椅子4,椅子5,椅子6,椅子7,椅子8,炮台长度
0,"{8.846252,668.7938,0}","{1613.891,112.4249,0}",4,"{294.2993,567.5808,0}","{655.3915,615.9175,0}","{245.0524,56.57068,0}","{657.0698,56.56186,0}","{0,0,0}","{0,0,0}","{0,0,0}","{0,0,0}",0
1,"{8.846252,668.7938,0}","{1613.891,112.4249,0}",4,"{294.2993,567.5808,0}","{655.3915,615.9175,0}","{245.0524,56.57068,0}","{657.0698,56.56186,0}","{0,0,0}","{0,0,0}","{0,0,0}","{0,0,0}",0
2,"{8.846252,668.7938,0}","{1613.891,112.4249,0}",4,"{294.2993,567.5808,0}","{655.3915,615.9175,0}","{245.0524,56.57068,0}","{657.0698,56.56186,0}","{0,0,0}","{0,0,0}","{0,0,0}","{0,0,0}",0
